{"cameraMode":{"drawMode":0,"name":"Shaded","section":"Shading Mode"},"sceneLighting":false,"audioPlay":false,"sceneViewState":{"m_AlwaysRefresh":false,"showFog":true,"showSkybox":false,"showFlares":true,"showImageEffects":true,"showParticleSystems":true,"showVisualEffectGraphs":true,"m_FxEnabled":true},"in2DMode":false,"pivot":{"x":-0.01012504193931818,"y":0.022079072892665864,"z":0.01974891871213913},"rotation":{"x":-0.3484177589416504,"y":-0.3988315463066101,"z":-0.1662944257259369,"w":0.8320139646530151},"size":0.006795859895646572,"orthographic":false}