{"cameraMode":{"drawMode":0,"name":"Shaded","section":"Shading Mode"},"sceneLighting":false,"audioPlay":false,"sceneViewState":{"m_AlwaysRefresh":false,"showFog":true,"showSkybox":false,"showFlares":true,"showImageEffects":true,"showParticleSystems":true,"showVisualEffectGraphs":true,"m_FxEnabled":true},"in2DMode":false,"pivot":{"x":15.118102073669434,"y":0.05288112163543701,"z":14.357658386230469},"rotation":{"x":-0.045671496540308,"y":-0.9049205780029297,"z":0.41188403964042666,"w":-0.09869877994060517},"size":4.747679710388184,"orthographic":false}