{"cameraMode":{"drawMode":0,"name":"Shaded","section":"Shading Mode"},"sceneLighting":false,"audioPlay":false,"sceneViewState":{"m_AlwaysRefresh":false,"showFog":true,"showSkybox":false,"showFlares":true,"showImageEffects":true,"showParticleSystems":true,"showVisualEffectGraphs":true,"m_FxEnabled":true},"in2DMode":false,"pivot":{"x":0.0002740724594332278,"y":0.0003776717639993876,"z":-0.00039464180008508265},"rotation":{"x":-0.009713675826787949,"y":-0.6068702936172485,"z":0.007074712309986353,"w":-0.795084536075592},"size":0.0006173205329105258,"orthographic":false}